{
	"info": {
		"_postman_id": "62234a8e-a224-4e17-bafa-6fb33c05ef27",
		"name": "Loja",
		"schema": "https://schema.getpostman.com/json/collection/v2.1.0/collection.json"
	},
	"item": [
		{
			"name": "findAll",
			"request": {
				"method": "GET",
				"header": [],
				"url": {
					"raw": "http://localhost:8080/fiap/loja",
					"protocol": "http",
					"host": [
						"localhost"
					],
					"port": "8080",
					"path": [
						"fiap",
						"loja"
					]
				}
			},
			"response": []
		},
		{
			"name": "findById",
			"request": {
				"method": "GET",
				"header": [],
				"url": {
					"raw": "http://localhost:8080/fiap/loja/1",
					"protocol": "http",
					"host": [
						"localhost"
					],
					"port": "8080",
					"path": [
						"fiap",
						"loja",
						"1"
					]
				}
			},
			"response": []
		},
		{
			"name": "save",
			"request": {
				"method": "POST",
				"header": [],
				"body": {
					"mode": "raw",
					"raw": "{\r\n    \"nomeLoja\":\"Riot\",\r\n    \"url\":\"www.riot.com.br\"\r\n}",
					"options": {
						"raw": {
							"language": "json"
						}
					}
				},
				"url": {
					"raw": "http://localhost:8080/fiap/loja",
					"protocol": "http",
					"host": [
						"localhost"
					],
					"port": "8080",
					"path": [
						"fiap",
						"loja"
					]
				}
			},
			"response": []
		},
		{
			"name": "update",
			"request": {
				"method": "PUT",
				"header": [],
				"body": {
					"mode": "raw",
					"raw": "{\r\n    \"nomeLoja\":\"Apple\",\r\n    \"url\":\"www.apple.com.br\"\r\n}",
					"options": {
						"raw": {
							"language": "json"
						}
					}
				},
				"url": {
					"raw": "http://localhost:8080/fiap/loja/1",
					"protocol": "http",
					"host": [
						"localhost"
					],
					"port": "8080",
					"path": [
						"fiap",
						"loja",
						"1"
					]
				}
			},
			"response": []
		},
		{
			"name": "delete",
			"request": {
				"method": "DELETE",
				"header": [],
				"url": {
					"raw": "http://localhost:8080/fiap/loja/5",
					"protocol": "http",
					"host": [
						"localhost"
					],
					"port": "8080",
					"path": [
						"fiap",
						"loja",
						"5"
					]
				}
			},
			"response": []
		}
	],
	"protocolProfileBehavior": {}
}